Day,Topic,Tone,Posted
1,A perfect Saturday in Hyde Park Village,Friendly & Local,N
2,What first time buyers get wrong about their budget,Friendly & Local,N
3,How to get the best price for your South Tampa home,Data-Driven,N
4,The history of Hyde Park and its century old bungalows,Friendly & Local,N
5,Why Ballast Point Park is South Tampa's best kept secret,Friendly & Local,N
6,The South Tampa coffee shops locals actually go to,Friendly & Local,N
7,The difference between pre-qualification and pre-approval,Data-Driven,N
8,Why overpricing your home costs you money,Urgent & FOMO,N
9,How Bayshore Boulevard became the world's longest continuous sidewalk,Friendly & Local,N
10,A local's guide to the Davis Islands Dog Park,Friendly & Local,N
11,Where to eat on South Howard Avenue right now,Friendly & Local,N
12,Why your first home doesn't need to be your forever home,Friendly & Local,N
13,The two weeks that decide your sale price,Urgent & FOMO,N
14,Davis Islands: the 1920s dream built from dredged sand,Friendly & Local,N
15,Curtis Hixon Waterfront Park and the events worth planning around,Friendly & Local,N
16,Gasparilla season explained for new Tampa residents,Friendly & Local,N
17,Closing costs explained for first time buyers in Florida,Data-Driven,N
18,What a real CMA includes that Zillow can't,Data-Driven,N
19,The best sunset spots in South Tampa,Friendly & Local,N
20,The story behind Palma Ceia and its golf course roots,Luxury & Upscale,N
21,"Picnic Island Park: beaches, dog beach, and disc golf in Port Tampa",Friendly & Local,N
22,What earnest money is and why it matters,Friendly & Local,N
23,Why curb appeal matters before buyers step inside,Friendly & Local,N
24,A food lover's tour of Ybor City,Friendly & Local,N
25,How Ybor City's cigar industry shaped Tampa,Friendly & Local,N
26,Lettuce Lake Park and the best boardwalk in Hillsborough County,Friendly & Local,N
27,Farmers markets worth your Sunday morning in Tampa,Friendly & Local,N
28,How much you really need for a down payment in Tampa,Data-Driven,N
29,The renovations that actually pay off when selling,Data-Driven,N
30,Port Tampa: the railroad town that became a hidden gem,Friendly & Local,N
31,"Al Lopez Park: trails, ponds, and free family weekends",Friendly & Local,N
32,Date night ideas across Davis Islands and Harbour Island,Luxury & Upscale,N
33,Why the home inspection is not optional,Urgent & FOMO,N
34,Why spring isn't always the best time to sell in Tampa,Data-Driven,N
35,The best rooftop bars near downtown Tampa,Luxury & Upscale,N
36,The transformation of the Tampa Riverwalk district,Data-Driven,N
37,Julian B Lane Riverfront Park and the river towers,Friendly & Local,N
38,First time buyer programs available in Hillsborough County,Data-Driven,N
39,Staging on a budget: what actually moves the needle,Friendly & Local,N
40,Family friendly weekends: Lowry Park Zoo to the Glazer museum,Friendly & Local,N
41,Ballast Point and the old pier that started it all,Friendly & Local,N
42,Why living near a park raises your home's value,Data-Driven,N
43,What a buyer's agent actually does for you,Friendly & Local,N
44,How professional photos change what buyers offer,Data-Driven,N
45,Why eating local gets you to know your neighborhood,Friendly & Local,N
46,How Westshore grew from swampland to business district,Data-Driven,N
47,Gadsden Park and South Tampa's quiet green spaces,Friendly & Local,N
48,Why flood zones matter more than square footage in Tampa,Urgent & FOMO,N
49,What to fix before listing and what to leave alone,Friendly & Local,N
50,Live music venues Tampa locals swear by,Friendly & Local,N
51,Why the first offer is often the best offer,Data-Driven,N
52,The hidden monthly costs of owning a home in Florida,Data-Driven,N
53,The Tampa Riverwalk food and drink crawl,Friendly & Local,N
54,The historic streetcars of Tampa and where to ride today,Friendly & Local,N
55,Water Works Park and the springs most locals miss,Friendly & Local,N
56,Beach day math: which Gulf beach is really closest to South Tampa,Data-Driven,N
57,Condo vs townhome vs single family for your first purchase,Friendly & Local,N
58,How to handle multiple offers without losing the best buyer,Urgent & FOMO,N
59,Why Hyde Park Village architecture is protected,Luxury & Upscale,N
60,Bayshore Boulevard as Tampa's outdoor gym,Friendly & Local,N
61,Boat life in Tampa: what it costs and where to start,Luxury & Upscale,N
62,Why getting outbid isn't the end of the world,Friendly & Local,N
63,What sellers should know about buyer financing fall-through,Data-Driven,N
64,The story of the Tampa Bay Hotel and the University of Tampa minarets,Friendly & Local,N
65,Cypress Point Park: the beach inside the city,Friendly & Local,N
66,The best running routes beyond Bayshore,Friendly & Local,N
67,What happens between offer accepted and closing day,Friendly & Local,N
68,Pricing psychology: why 749 beats 750,Data-Driven,N
69,"Tampa sports calendar: Bucs, Bolts, and Rays weekends",Friendly & Local,N
70,How Harbour Island went from industrial port to luxury address,Luxury & Upscale,N
71,The best playgrounds in South Tampa ranked by parents,Friendly & Local,N
72,How property taxes work for new Tampa homeowners,Data-Driven,N
73,Selling a home with a low interest mortgage: the math,Data-Driven,N
74,"Rainy day Tampa: museums, arcades, and indoor escapes",Friendly & Local,N
75,Seminole Heights and the craftsman bungalow revival,Friendly & Local,N
76,Kayak launches within 15 minutes of South Tampa,Friendly & Local,N
77,Where to take out of town guests in South Tampa,Friendly & Local,N
78,Why you should visit a neighborhood twice before buying,Friendly & Local,N
79,Why fast sales don't always mean good value,Data-Driven,N
80,The Cuban sandwich debate: Tampa's claim to the original,Friendly & Local,N
81,Dog friendly parks and patios across South Tampa,Friendly & Local,N
82,Holiday traditions unique to Tampa neighborhoods,Friendly & Local,N
83,What the final walkthrough is really for,Urgent & FOMO,N
84,How appraisal gaps affect your final sale price,Data-Driven,N
85,The weekday lunch spots of Westshore worth leaving the office for,Friendly & Local,N
86,How Gandy Bridge connected Tampa to St Pete and changed everything,Data-Driven,N
87,Hillsborough River State Park day trips from Tampa,Friendly & Local,N
88,Homestead exemption explained for first time Florida buyers,Data-Driven,N
89,What a low appraisal really means for sellers,Data-Driven,N
90,Armature Works and the Tampa Heights food hall scene,Friendly & Local,N
91,Culbreath Isles: how South Tampa's gated enclave came to be,Luxury & Upscale,N
92,The Riverwalk end to end: a two hour walking route,Friendly & Local,N
93,Red flags to watch for at an open house,Friendly & Local,N
94,Pre-listing inspections: paying now to earn more later,Data-Driven,N
95,Why South Tampa's walkability is its most underrated amenity,Data-Driven,N
96,The old Fort Homer Hesterly Armory and West Tampa's story,Friendly & Local,N
97,Why park access should be on every buyer's checklist,Data-Driven,N
98,Why buying in South Tampa beats renting long term,Data-Driven,N
99,The seller mistakes that show up in every price reduction,Urgent & FOMO,N
100,A newcomer's first 30 days in Tampa: the local starter list,Friendly & Local,N
